Module;Titre
MODULE 1;INTRODUCTION Page
MODULE 1;VULNÉRABILITÉ Page
MODULE 1;DÉBORDEMENT DE TAMPON & SQL INJECTION Page
MODULE 1;SÉCURITÉ DES NAVIGATEURS WEB Page
MODULE 1;CROSS SITE SCRIPTING Page
MODULE 1;DÉTOURNEMENT DE SESSION Page
MODULE 1;CROSS SITE REQUEST FORGERY Page
MODULE 1;RESSOURCES COMPLÉMENTAIRES Dossier
MODULE 2;INTRODUCTION Page
MODULE 2;DDOS (DISTRIBUTED DENIAL OF SERVICE) Page
MODULE 2;INGÉNIERIE SOCIALE Page
MODULE 2;MALWARE Page
MODULE 2;RESSOURCES COMPLÉMENTAIRES Dossier
MODULE 3;INTRODUCTION Page
MODULE 3;POLITIQUE DE SÉCURITÉ Page
MODULE 3;MISE EN OEUVRE DE LA POLITIQUE DE SÉCURITÉ Page
MODULE 3;DAC (CONTRÔLE D'ACCÈS DISCRÉTIONNAIRE) Page
MODULE 3;UNIX DAC Page
MODULE 4;INTRODUCTION Page
MODULE 4;CONTRÔLE D'ACCÈS OBLIGATOIRE Page
MODULE 4;CONTROLE D'ACCÈS BASÉ SUR LES RÔLES (RBAC) Page
MODULE 4;CONTROLE D'ACCÈS PAR ATTRIBUTS (ABAC) Page
MODULE 4;DONNÉES PERSONNELLES Page
MODULE 5;INTRODUCTION Page
MODULE 5;CHIFFREMENT SYMÉTRIQUE Page
MODULE 5;INTÉGRITÉ DES MESSAGES Page
MODULE 6;INTRODUCTION Page
MODULE 6;ÉCHANGE DE CLÉ DIFFIE HELLMAN Page
MODULE 6;CHIFFREMENT ASYMÉTRIQUE Page
MODULE 6;SIGNATURES NUMÉRIQUES Page
MODULE 6;CERTIFICAT DE CLÉ PUBLIQUE (PKI) Page
MODULE 6;ÉCHANGE DE CLÉS AUTHENTIFIÉ (TLS) Page
MODULE 7;INTRODUCTION Page
MODULE 7;AUTHENTIFICATION PAR MOT DE PASSE Page
MODULE 7;AUTHENTIFICATION À DEUX FACTEURS (2FA) Page
MODULE 7;AUTHENTIFICATION UNIQUE (SSO) Page
MODULE 7;PARE-FEU & PROXY Page
MODULE 7;TRADUCTION D'ADRESSES RÉSEAU (NAT) Page
MODULE 7;ZONE DÉMILITARISÉE (DMZ) & RÉSEAU PRIVÉ VIRTUEL (VPN) Page