Module;Titre;URL
Module 0;INTRODUCTION;https://www.youtube.com/watch?v=ynPsyCRGHQM
Module 0;INTRODUCTION;https://www.youtube.com/watch?v=B4Omq-J3OVk
MODULE 1;INTRODUCTION;https://www.youtube.com/watch?v=15I0n34CU0U
MODULE 1;VULNÉRABILITÉ;https://www.youtube.com/watch?v=Rtc4LcNOCAg
MODULE 1;VULNÉRABILITÉ;https://www.youtube.com/watch?v=A2go5SmMJCo
MODULE 1;DÉBORDEMENT DE TAMPON & SQL INJECTION;https://www.youtube.com/watch?v=kSq0FEFreS8
MODULE 1;DÉBORDEMENT DE TAMPON & SQL INJECTION;https://www.youtube.com/watch?v=ISAtOLlvHv4
MODULE 1;SÉCURITÉ DES NAVIGATEURS WEB;https://www.youtube.com/watch?v=XaP932fyyts
MODULE 1;CROSS SITE SCRIPTING;https://www.youtube.com/watch?v=IYTuJeq8-_U
MODULE 1;DÉTOURNEMENT DE SESSION;https://www.youtube.com/watch?v=3Kih9DUisIM
MODULE 1;CROSS SITE REQUEST FORGERY;https://www.youtube.com/watch?v=w1TDDKPjXWQ
MODULE 2;INTRODUCTION;https://www.youtube.com/watch?v=o7BGRv7ZB1c
MODULE 2;DDOS (DISTRIBUTED DENIAL OF SERVICE);https://www.youtube.com/watch?v=WI9ndSA1hyk
MODULE 2;INGÉNIERIE SOCIALE;https://www.youtube.com/watch?v=Rj0_oMClFfs
MODULE 2;INGÉNIERIE SOCIALE;https://www.youtube.com/watch?v=TMbG4mJejV8
MODULE 2;MALWARE;https://www.youtube.com/watch?v=7EHB61sqBLU
MODULE 2;MALWARE;https://www.youtube.com/watch?v=e4XjVqhWifY
MODULE 2;MALWARE;https://www.youtube.com/watch?v=4NIdC7yXf4M
MODULE 2;MALWARE;https://www.youtube.com/watch?v=vgfxTj3rojw
MODULE 3;INTRODUCTION;https://www.youtube.com/watch?v=n5PGRNB3LDk
MODULE 3;POLITIQUE DE SÉCURITÉ;https://www.youtube.com/watch?v=q7yfqoyDpco
MODULE 3;POLITIQUE DE SÉCURITÉ;https://www.youtube.com/watch?v=QUPa87_3pO8
MODULE 3;POLITIQUE DE SÉCURITÉ;https://www.youtube.com/watch?v=h-eMOiMkWLM
MODULE 3;MISE EN OEUVRE DE LA POLITIQUE DE SÉCURITÉ;https://www.youtube.com/watch?v=eUq-3KMcd1o
MODULE 3;MISE EN OEUVRE DE LA POLITIQUE DE SÉCURITÉ;https://www.youtube.com/watch?v=NFEUUOxohgU
MODULE 3;DAC (CONTRÔLE D'ACCÈS DISCRÉTIONNAIRE);https://www.youtube.com/watch?v=WVLt51JmmSc
MODULE 3;DAC (CONTRÔLE D'ACCÈS DISCRÉTIONNAIRE);https://www.youtube.com/watch?v=sn0l6dmvBLk
MODULE 3;UNIX DAC;https://www.youtube.com/watch?v=S9LUXevxNZ0
MODULE 3;UNIX DAC;https://www.youtube.com/watch?v=A4PZuhVqvTk
MODULE 3;UNIX DAC;https://www.youtube.com/watch?v=P5yM_I-jY7o
MODULE 4;INTRODUCTION;https://www.youtube.com/watch?v=mMaCe_z50PQ
MODULE 4;CONTRÔLE D'ACCÈS OBLIGATOIRE;https://www.youtube.com/watch?v=N270Eq25jyg
MODULE 4;CONTRÔLE D'ACCÈS OBLIGATOIRE;https://www.youtube.com/watch?v=9QCojGXCl0k
MODULE 4;CONTRÔLE D'ACCÈS OBLIGATOIRE;https://www.youtube.com/watch?v=LtvPG_69Vm8
MODULE 4;CONTRÔLE D'ACCÈS OBLIGATOIRE;https://www.youtube.com/watch?v=03j9Vv2776g
MODULE 4;CONTRÔLE D'ACCÈS OBLIGATOIRE;https://www.youtube.com/watch?v=K2uRy0V-HGg
MODULE 4;CONTROLE D'ACCÈS BASÉ SUR LES RÔLES (RBAC);https://www.youtube.com/watch?v=HkgpleaPreI
MODULE 4;CONTROLE D'ACCÈS PAR ATTRIBUTS (ABAC);https://www.youtube.com/watch?v=vPTMGxDcfkw
MODULE 4;DONNÉES PERSONNELLES;https://www.youtube.com/watch?v=PIoPoXs9Yho
MODULE 5;INTRODUCTION;https://www.youtube.com/watch?v=hV2yRul3aZQ
MODULE 5;CHIFFREMENT SYMÉTRIQUE;https://www.youtube.com/watch?v=sh5SgVWh7Xs
MODULE 5;CHIFFREMENT SYMÉTRIQUE;https://www.youtube.com/watch?v=leIGm7J3Gk0
MODULE 5;CHIFFREMENT SYMÉTRIQUE;https://www.youtube.com/watch?v=m4_tLjdYXPc
MODULE 5;CHIFFREMENT SYMÉTRIQUE;https://www.youtube.com/watch?v=dnNiiaBmbV8
MODULE 5;CHIFFREMENT SYMÉTRIQUE;https://www.youtube.com/watch?v=Ha83cCf7-nk
MODULE 5;CHIFFREMENT SYMÉTRIQUE;https://www.youtube.com/watch?v=VQMIjgpl71U
MODULE 5;INTÉGRITÉ DES MESSAGES;https://www.youtube.com/watch?v=EtF98zYMr84
MODULE 5;INTÉGRITÉ DES MESSAGES;https://www.youtube.com/watch?v=SAz_lS6IpC0
MODULE 6;INTRODUCTION;https://www.youtube.com/watch?v=bXv35hk23l4
MODULE 6;ÉCHANGE DE CLÉ DIFFIE HELLMAN;https://www.youtube.com/watch?v=BeDI253495E
MODULE 6;CHIFFREMENT ASYMÉTRIQUE;https://www.youtube.com/watch?v=WBySAi_ZKw0
MODULE 6;SIGNATURES NUMÉRIQUES;https://www.youtube.com/watch?v=71s_e0JlMi0
MODULE 6;CERTIFICAT DE CLÉ PUBLIQUE (PKI);https://www.youtube.com/watch?v=LbTJQi0OP2Y
MODULE 6;ÉCHANGE DE CLÉS AUTHENTIFIÉ (TLS);https://www.youtube.com/watch?v=18Nr6UihSUU
MODULE 7;INTRODUCTION;https://www.youtube.com/watch?v=3S6t5eiTHvQ
MODULE 7;AUTHENTIFICATION PAR MOT DE PASSE;https://www.youtube.com/watch?v=o2eXk5fFw34
MODULE 7;AUTHENTIFICATION À DEUX FACTEURS (2FA);https://www.youtube.com/watch?v=ioj8uSwJqa4
MODULE 7;AUTHENTIFICATION UNIQUE (SSO);https://www.youtube.com/watch?v=o_oAze2TU0k
MODULE 7;PARE-FEU & PROXY;https://www.youtube.com/watch?v=8GINdwx86Xs
MODULE 7;TRADUCTION D'ADRESSES RÉSEAU (NAT);https://www.youtube.com/watch?v=_nsLaYf5e08
MODULE 7;ZONE DÉMILITARISÉE (DMZ) & RÉSEAU PRIVÉ VIRTUEL (VPN);https://www.youtube.com/watch?v=2-ecp0kMNJ0